Model,MAE,RMSE,sMAPE
Linear Regression,8.679753727739914,10.943450454391883,5.469019969237794
Ridge,3.1115187787013174,3.8580285686665086,2.0008443121259196
Lasso,2.83708329634131,3.5591319075180627,1.8509029227207645
Random Forest,9.497224692239895,10.253124797062382,6.043788743574554
XGBoost,4.502158325195311,5.213380060361563,2.80266548962283
LightGBM,26.23691682349311,27.44816781013545,17.711374425080884
