Model,MAE,RMSE,sMAPE
"ARIMA(1,1,1)",1.9795419489722235,2.3575675189316754,1.2799184207067722
ETS,2.1563775540509442,2.47465205173915,1.3974241084638193
