Model,MAE,RMSE,sMAPE
Naive,3.5933333333333337,3.9735458556139345,2.2834452412853623
Seasonal Naive,11.48333333333333,12.618264275776337,7.500329334586324
Moving Average,7.474666666666667,8.363394247154284,4.794023440949007
